{
	"customTemplates": [
		{
			"name": "blank",
			"postTypes": [
				"page",
				"post"
			],
			"title": "Blank"
		},
		{
			"name": "page-no-title",
			"postTypes": [
				"page"
			],
			"title": "Page (No Title)"
		},
		{
			"name": "page-with-sidebar",
			"postTypes": [
				"page"
			],
			"title": "Page With Sidebar"
		}
	],
	"settings": {
		"appearanceTools": true,
		"color": {
			"palette": [
				{
					"color": "#000000",
					"name": "Foreground",
					"slug": "foreground"
				},
				{
					"color": "#ffffff",
					"name": "Background",
					"slug": "background"
				},
				{
					"color": "#0099e5",
					"name": "Primary",
					"slug": "primary"
				},
				{
					"color": "#0099e5",
					"name": "Secondary",
					"slug": "secondary"
				},
				{
					"color": "#f9f9f9",
					"name": "Secondary Background",
					"slug": "background-secondary"
				},
				{
					"color": "#222222",
					"name": "Body Text",
					"slug": "body-text"
				},
				{
					"color": "#222222",
					"name": "Text Link",
					"slug": "text-link"
				},
				{
					"color": "#777777",
					"name": "Border",
					"slug": "border"
				},
				{
					"color": "#999999",
					"name": "Tertiary",
					"slug": "tertiary"
				},
				{
					"color": "#ffffff",
					"name": "Input Field",
					"slug": "input-field"
				},
				{
					"color": "#777",
					"name": "Boulder",
					"slug": "boulder"
				},
				{
					"color": "#7d6043",
					"name": "coffee",
					"slug": "coffee"
				},
				{
					"color": "#25d6a2",
					"name": "Cyan",
					"slug": "cyan"
				},
				{
					"color": "#221f3c",
					"name": "Dark Blue",
					"slug": "dark-blue"
				},
				{
					"color": "#30b4da",
					"name": "Sky Blue",
					"slug": "sky-blue"
				},
				{
					"color": "#0fb36c",
					"name": "Dark Green",
					"slug": "dark-green"
				},
				{
					"color": "#6ba518",
					"name": "Lite Green",
					"slug": "lite-green"
				},
				{
					"color": "#c74a73",
					"name": "Purple",
					"slug": "purple"
				},
				{
					"color": "#9261c6",
					"name": "Dark Purple",
					"slug": "dark-purple"
				},
				{
					"color": "#f78550",
					"name": "Orange",
					"slug": "orange"
				},
				{
					"color": "#f9556d",
					"name": "Lite Red",
					"slug": "lite-red"
				},
				{
					"color": "#27808c",
					"name": "Hexadecimal",
					"slug": "hexadecimal"
				},
				{
					"color": "#ff6b98",
					"name": "Pink",
					"slug": "pink"
				},
				{
					"color": "#ffffff",
					"name": "WKB-White",
					"slug": "custom-wkb-white"
				},
				{
					"color": "#f3221d",
					"name": "WKB-Red",
					"slug": "custom-wkb-red"
				},
				{
					"color": "#f3801d",
					"name": "WKB-Orange",
					"slug": "custom-wkb-orange"
				},
				{
					"color": "#0e2537",
					"name": "WKB-Dark",
					"slug": "custom-wkb-dark"
				}
			]
		},
		"custom": {
			"gap": {
				"baseline": "15px",
				"horizontal": "min(30px, 5vw)",
				"vertical": "min(30px, 5vw)"
			},
			"spacing": {
				"large": "clamp(4rem, 10vw, 8rem)",
				"medium": "clamp(2rem, 8vw, calc(4 * var(--wp--style--block-gap)))",
				"small": "max(1.25rem, 5vw)"
			},
			"typography": {
				"font-weight": {
					"bold": 700,
					"extra-bold": 900,
					"light": 300,
					"medium": 500,
					"normal": 400,
					"semi-bold": 600
				},
				"line-height": {
					"heading": "1.2",
					"paragraph": "1.6"
				}
			}
		},
		"layout": {
			"contentSize": "1120px",
			"wideSize": "1120px"
		},
		"spacing": {
			"units": [
				"%",
				"px",
				"em",
				"rem",
				"vh",
				"vw"
			]
		},
		"typography": {
			"dropCap": false,
			"fontFamilies": [
				{
					"fontFamily": "-apple-system,BlinkMacSystemFont,\"Segoe UI\",Roboto,Oxygen-Sans,Ubuntu,Cantarell,\"Helvetica Neue\",sans-serif",
					"name": "System Font",
					"slug": "system"
				},
				{
					"fontFamily": "'Inter', sans-serif",
					"name": "Inter Sans Serif",
					"slug": "Inter"
				},
				{
					"fontFamily": "'Kumbh-Sans', sans-serif",
					"name": "Kumbh Sans Sans Serif",
					"slug": "kumbh-sans"
				},
				{
					"fontFace": [
						{
							"fontFamily": "Poppins",
							"fontStyle": "normal",
							"fontWeight": "700",
							"src": [
								"file:./assets/fonts/poppins_normal_700.ttf"
							]
						},
						{
							"fontFamily": "Poppins",
							"fontStyle": "normal",
							"fontWeight": "400",
							"src": [
								"file:./assets/fonts/poppins_normal_400.ttf"
							]
						}
					],
					"fontFamily": "Poppins",
					"slug": "poppins"
				}
			],
			"fontSizes": [
				{
					"name": "Tiny",
					"size": "14px",
					"slug": "tiny"
				},
				{
					"name": "Extra Small",
					"size": "15px",
					"slug": "extra-small"
				},
				{
					"name": "Small",
					"size": "16px",
					"slug": "small"
				},
				{
					"name": "Normal",
					"size": "17px",
					"slug": "normal"
				},
				{
					"name": "Medium",
					"size": "18px",
					"slug": "medium"
				},
				{
					"name": "Big",
					"size": "clamp(1.125rem, 1.0263rem + 0.3947vw, 1.35rem)",
					"slug": "big"
				},
				{
					"name": "Large",
					"size": "clamp(1.375rem, 1.2434rem + 0.5263vw, 1.875rem)",
					"slug": "large"
				},
				{
					"name": "Extra Large",
					"size": "clamp(1.5rem, 1.2368rem + 1.0526vw, 2.5rem)",
					"slug": "extra-large"
				},
				{
					"name": "Huge",
					"size": "clamp(2rem, 1.5rem + 2vw, 3.25rem)",
					"slug": "huge"
				},
				{
					"name": "Extra Huge",
					"size": "clamp(2.5rem, 1.7599rem + 2.9605vw, 5.3125rem)",
					"slug": "extra-huge"
				}
			]
		}
	},
	"styles": {
		"blocks": {
			"core/list": {
				"spacing": {
					"margin": {
						"bottom": "10px",
						"top": "0px"
					},
					"padding": {
						"left": "20px"
					}
				}
			},
			"core/navigation": {
				"elements": {
					"link": {
						":active": {
							"color": {
								"text": "var(--wp--preset--color--primary)"
							},
							"typography": {
								"textDecoration": "none"
							}
						},
						":focus": {
							"color": {
								"text": "var(--wp--preset--color--primary)"
							},
							"typography": {
								"textDecoration": "none"
							}
						},
						":hover": {
							"color": {
								"text": "var(--wp--preset--color--primary)"
							},
							"typography": {
								"textDecoration": "none"
							}
						},
						"typography": {
							"textDecoration": "none"
						}
					}
				},
				"typography": {
					"fontSize": "var(--wp--preset--font-size--medium)",
					"fontWeight": "var(--wp--custom--typography--font-weight--medium)"
				}
			},
			"core/separator": {
				"border": {
					"radius": "0",
					"width": "0"
				},
				"color": {
					"background": "#999"
				},
				"spacing": {
					"margin": {
						"bottom": "1.5em"
					}
				}
			},
			"core/site-title": {
				"typography": {
					"fontSize": "1.5rem",
					"fontWeight": "var(--wp--custom--typography--font-weight--medium)",
					"lineHeight": "1.2"
				}
			},
			"core/table": {
				"spacing": {
					"margin": {
						"bottom": "1.5em"
					},
					"padding": {
						"left": "20px"
					}
				}
			}
		},
		"color": {
			"background": "#f7f9fa",
			"text": "var(--wp--preset--color--body-text)"
		},
		"elements": {
			"button": {
				":active": {
					"color": {
						"background": "var(--wp--preset--color--secondary)",
						"text": "var(--wp--preset--color--white)"
					}
				},
				":focus": {
					"color": {
						"background": "var(--wp--preset--color--secondary)",
						"text": "var(--wp--preset--color--white)"
					}
				},
				":hover": {
					"color": {
						"background": "var(--wp--preset--color--primary)",
						"text": "var(--wp--preset--color--white)"
					}
				},
				"border": {
					"radius": "4px",
					"width": "0px"
				},
				"color": {
					"background": "var(--wp--preset--color--custom-wkb-orange)",
					"text": "var(--wp--preset--color--custom-wkb-dark)"
				},
				"spacing": {
					"padding": {
						"bottom": "8px",
						"left": "30px",
						"right": "30px",
						"top": "8px"
					}
				},
				"typography": {
					"fontFamily": "var(--wp--preset--font-family--poppins)",
					"fontSize": "var(--wp--custom--typography--font-size--small)",
					"fontWeight": "var(--wp--custom--typography--font-weight--normal)",
					"lineHeight": "1.7"
				}
			},
			"caption": {
				"typography": {
					"fontFamily": "var(--wp--preset--font-family--poppins)"
				}
			},
			"h1": {
				"color": {
					"text": "var(--wp--preset--color--black)"
				},
				"typography": {
					"fontFamily": "var(--wp--preset--font-family--kumbh-sans)",
					"fontSize": "var(--wp--preset--font-size--huge)",
					"fontWeight": "var(--wp--custom--typography--font-weight--bold)",
					"lineHeight": "var(--wp--custom--typography--line-height--heading)"
				}
			},
			"h2": {
				"color": {
					"text": "var(--wp--preset--color--black)"
				},
				"typography": {
					"fontFamily": "var(--wp--preset--font-family--kumbh-sans)",
					"fontSize": "var(--wp--preset--font-size--extra-large)",
					"fontWeight": "var(--wp--custom--typography--font-weight--bold)",
					"lineHeight": "var(--wp--custom--typography--line-height--heading)"
				}
			},
			"h3": {
				"color": {
					"text": "var(--wp--preset--color--black)"
				},
				"typography": {
					"fontFamily": "var(--wp--preset--font-family--kumbh-sans)",
					"fontSize": "var(--wp--preset--font-size--medium)",
					"fontWeight": "var(--wp--custom--typography--font-weight--bold)"
				}
			},
			"h4": {
				"color": {
					"text": "var(--wp--preset--color--black)"
				},
				"typography": {
					"fontFamily": "var(--wp--preset--font-family--kumbh-sans)",
					"fontSize": "var(--wp--preset--typography--font-size--big)",
					"fontWeight": "var(--wp--custom--typography--font-weight--bold)",
					"lineHeight": "var(--wp--custom--typography--line-height--paragraph)"
				}
			},
			"h5": {
				"color": {
					"text": "var(--wp--preset--color--black)"
				},
				"typography": {
					"fontFamily": "var(--wp--preset--font-family--kumbh-sans)",
					"fontSize": "var(--wp--preset--typography--font-size--medium)",
					"fontWeight": "var(--wp--custom--typography--font-weight--bold)",
					"lineHeight": "var(--wp--custom--typography--line-height--paragraph)"
				}
			},
			"h6": {
				"color": {
					"text": "var(--wp--preset--color--black)"
				},
				"typography": {
					"fontFamily": "var(--wp--preset--font-family--kumbh-sans)",
					"fontSize": "var(--wp--preset--typography--font-size--normal)",
					"fontWeight": "var(--wp--custom--typography--font-weight--bold)",
					"lineHeight": "var(--wp--custom--typography--line-height--paragraph)"
				}
			},
			"heading": {
				"typography": {
					"fontFamily": "var(--wp--preset--font-family--poppins)"
				}
			},
			"link": {
				":active": {
					"color": {
						"text": "var(--wp--preset--color--primary)"
					},
					"typography": {
						"textDecoration": "none"
					}
				},
				":focus": {
					"color": {
						"text": "var(--wp--preset--color--primary)"
					},
					"typography": {
						"textDecoration": "none"
					}
				},
				":hover": {
					"color": {
						"text": "var(--wp--preset--color--custom-wkb-orange)"
					},
					"typography": {
						"textDecoration": "none"
					}
				},
				"color": {
					"text": "var(--wp--preset--color--black)"
				},
				"typography": {
					"fontFamily": "var(--wp--preset--font-family--poppins)",
					"textDecoration": "none"
				}
			}
		},
		"spacing": {
			"blockGap": "2rem",
			"margin": {
				"bottom": 0,
				"left": 0,
				"right": 0,
				"top": 0
			}
		},
		"typography": {
			"fontFamily": "var(--wp--preset--font-family--poppins)",
			"fontSize": "var(--wp--preset--font-size--normal)",
			"fontWeight": "var(--wp--custom--typography--font-weight--normal)",
			"lineHeight": "var(--wp--custom--typography--line-height--paragraph)"
		}
	},
	"templateParts": [
		{
			"area": "header",
			"name": "header",
			"title": "Header"
		},
		{
			"area": "footer",
			"name": "footer",
			"title": "Footer"
		},
		{
			"area": "uncategorized",
			"name": "sidebar",
			"title": "Sidebar"
		}
	],
	"version": 2,
	"$schema": "https://schemas.wp.org/wp/6.4/theme.json"
}